query,result
two strangers handcuffed together escape the city in one night set in tokyo time loop twist ending,"{""plot_events"": {""relevance"": ""large"", ""justification"": ""The query explicitly describes multiple concrete plot elements: forced partnership (strangers handcuffed together), escape narrative, specific story setting (Tokyo in one night), and a plot mechanic (time loop twist ending).""}, ""viewer_experience"": {""relevance"": ""not_relevant"", ""justification"": ""The query describes only plot mechanics (strangers handcuffed, escape, time loop, twist ending) and production details (Tokyo setting, one night timeframe) with zero experiential language about how the movie feels to watch.""}, ""production"": {""relevance"": ""small"", ""justification"": ""The query primarily describes plot elements (strangers handcuffed, escape, time loop twist), with only 'set in Tokyo' potentially touching production as a filming location\u2014though this phrasing more likely indicates story setting rather than where it was filmed.""}, ""watch_context"": {""relevance"": ""not_relevant"", ""justification"": ""The query describes specific plot elements (strangers handcuffed, escape, Tokyo setting, time loop, twist ending) with no mention of why/when to watch, motivations, scenarios, feature draws, or audience fit.""}, ""reception"": {""relevance"": ""not_relevant"", ""justification"": ""The query describes pure plot elements (handcuffed strangers, escape, Tokyo setting, time loop twist) without any evaluative language about how the movie was received, reviewed, or discussed.""}, ""plot_analysis"": {""relevance"": ""small"", ""justification"": ""The query primarily describes specific plot events (handcuffed strangers, escape, Tokyo setting, time loop twist) rather than genre, theme, or story type, though 'time loop twist ending' hints at a conceptual element that marginally overlaps with plot analysis.""}, ""narrative_techniques"": {""relevance"": ""large"", ""justification"": ""The query explicitly requests multiple narrative techniques: 'one night' (ticking clock/real-time), 'time loop' (time structure), and 'twist ending' (information control), with 'two strangers handcuffed together' also suggesting a forced proximity/converging storyline structure.""}}"
date night movie to unwind after a long day funny but not gross no jump scares,"{""watch_context"": {""relevance"": ""large"", ""justification"": ""The query explicitly specifies scenario (date night), motivation (unwind after long day), feature preferences (funny but not gross, no jump scares), and audience fit \u2014 all directly aligned with this vector's contents.""}, ""production"": {""relevance"": ""not_relevant"", ""justification"": ""The query describes desired viewer experience (funny, relaxing, not gross, no jump scares) without any production facts like director, decade, country, format, or cast.""}, ""plot_events"": {""relevance"": ""not_relevant"", ""justification"": ""User searches entirely by vibe/feeling ('unwind', 'funny but not gross') and avoidance of experience elements ('no jump scares'), with no plot events, settings, or character situations specified.""}, ""viewer_experience"": {""relevance"": ""large"", ""justification"": ""The query explicitly searches by experiential criteria: \""unwind\"" (emotional goal), \""funny\"" (tone), \""not gross\"" and \""no jump scares\"" (experiential negations), with \""date night\"" providing context but the core search being entirely about how the movie feels to watch.""}, ""plot_analysis"": {""relevance"": ""not_relevant"", ""justification"": ""The query focuses entirely on viewing context (date night, unwinding), emotional experience (funny), and content restrictions (no gross humor, no jump scares), with no mention of genre, theme, or story type.""}, ""narrative_techniques"": {""relevance"": ""not_relevant"", ""justification"": ""User is searching by experiential qualities (funny, relaxing) and content restrictions (no gross humor, no jump scares), with no mention of narrative structure or storytelling techniques.""}, ""reception"": {""relevance"": ""small"", ""justification"": ""The query contains evaluative language ('funny but not gross') that could appear in reviews discussing how the movie is received, but the primary intent is situational (date night, unwinding) and experiential (no jump scares) rather than seeking movies based on critical acclaim, awards, or how they're evaluated by others.""}}"
movies like parasite but american and funnier not dumb,"{""plot_analysis"": {""relevance"": ""large"", ""justification"": ""User explicitly references Parasite for thematic similarity (class conflict, social satire) while requesting tonal adjustments, making plot analysis the primary search vector.""}, ""production"": {""relevance"": ""large"", ""justification"": ""User explicitly specifies 'American' (country of origin/production) as a key filter, and references 'Parasite' (Korean production) as a comparison point for production context, making production metadata central to the search intent.""}, ""viewer_experience"": {""relevance"": ""large"", ""justification"": ""The user explicitly searches by viewer experience: 'like Parasite' seeks a similar feel, 'funnier' directly modifies tone/experience, and 'not dumb' is an experiential negation about cognitive engagement; 'american' is the only non-experiential element.""}, ""reception"": {""relevance"": ""large"", ""justification"": ""The query explicitly uses comparative evaluation ('like parasite but...'), evaluative descriptors ('funnier', 'not dumb'), and seeks movies based on how they would be received/discussed relative to a known acclaimed film.""}, ""watch_context"": {""relevance"": ""medium"", ""justification"": ""The query includes 'funnier' as a tonal/motivational preference (seeking humor as a reason to watch) and 'not dumb' as an audience-fit qualifier, though the primary search driver is genre/nationality similarity to Parasite.""}, ""narrative_techniques"": {""relevance"": ""small"", ""justification"": ""The reference to 'Parasite' could imply interest in its class-thriller structure or tonal blend, but the query primarily focuses on nationality, humor level, and intelligence\u2014none of which are narrative technique descriptors.""}, ""plot_events"": {""relevance"": ""small"", ""justification"": ""The 'like Parasite' comparison suggests interest in similar class themes/story shape (plot_analysis more than literal events), while 'American' and 'funnier' point to production and tone; plot content is a minor hedge given the reference but not the primary search driver.""}}"
manly action movies from the 80s,"{""production"": {""relevance"": ""large"", ""justification"": ""User explicitly specifies 'from the 80s' which directly indicates production decade, a core production metadata element.""}, ""plot_events"": {""relevance"": ""small"", ""justification"": ""The query primarily targets genre ('action') and production era ('80s'), but 'manly' hints at character situations and archetypes that could involve plot-relevant character dynamics, making this a minor hedge.""}, ""narrative_techniques"": {""relevance"": ""not_relevant"", ""justification"": ""User searches by genre ('action'), tone descriptor ('manly'), and production era ('80s') \u2014 none of these relate to narrative techniques, POV, time structure, or storytelling craft.""}, ""viewer_experience"": {""relevance"": ""medium"", ""justification"": ""The user uses \""manly\"" which is an experiential descriptor (conveys a tone/vibe of masculinity), but \""action movies\"" and \""from the 80s\"" are genre and production facts without experiential language.""}, ""plot_analysis"": {""relevance"": ""medium"", ""justification"": ""The query specifies genre ('action') and implies themes of masculinity/heroism common in 80s action films, but the '80s' qualifier is a production/decade filter which is outside this vector's scope.""}, ""watch_context"": {""relevance"": ""medium"", ""justification"": ""The query specifies 'action movies' which implies seeking adrenaline/entertainment motivation, and 'manly' suggests a target audience fit and certain feature expectations (tough heroes, practical effects, macho energy), though the 80s decade is a production fact outside this vector's scope.""}, ""reception"": {""relevance"": ""medium"", ""justification"": ""The term 'manly' is evaluative language that appears in how people discuss and recommend action movies, reflecting reception-based framing about perceived masculinity and audience reactions, though the query also contains non-evaluative elements (genre, decade).""}}"
1990s french psych thriller not slow not frantic nonlinear timeline unreliable narrator no gore but creepy critics said beautiful cinematography plot holes,"{""watch_context"": {""relevance"": ""medium"", ""justification"": ""The query includes 'beautiful cinematography' as a feature draw/reason to choose and 'not slow not frantic' as pacing preference for viewing experience, though most terms focus on plot structure, genre, and production qualities.""}, ""reception"": {""relevance"": ""large"", ""justification"": ""The query is heavily structured around critical reception and evaluative framing: 'critics said beautiful cinematography' and 'plot holes' are direct reception references, while 'not slow not frantic' and 'creepy' reflect how the film is discussed and reviewed.""}, ""production"": {""relevance"": ""large"", ""justification"": ""The query explicitly specifies '1990s' (production decade) and 'French' (country of origin), which are direct production metadata matches; while other elements target plot, pacing, and reception, these explicit production facts warrant high relevance.""}, ""plot_events"": {""relevance"": ""small"", ""justification"": ""The query contains one plot element ('nonlinear timeline') and one character situation ('unreliable narrator'), but the majority of search criteria are genre labels, pacing preferences, production qualities (cinematography), and critical reception\u2014making plot a minor component of the overall search intent.""}, ""narrative_techniques"": {""relevance"": ""large"", ""justification"": ""User explicitly requests multiple narrative techniques: nonlinear timeline and unreliable narrator, which are core contents of this vector; while other terms (1990s, French, psych thriller, cinematography) are production/genre/experience factors, the structural search intentions are clearly stated and central to the query.""}, ""viewer_experience"": {""relevance"": ""large"", ""justification"": ""The query is packed with experiential descriptors: 'not slow', 'not frantic', 'no gore but creepy', and 'beautiful cinematography' all describe how the movie feels to watch, alongside experiential negations and aesthetic vibes, making this explicitly a search by viewer experience despite also including some production/technique elements.""}, ""plot_analysis"": {""relevance"": ""medium"", ""justification"": ""The query includes strong thematic/genre signals ('psych thriller', 'unreliable narrator', 'creepy') that align with plot analysis content, but these are heavily diluted by production filters ('1990s French'), pacing preferences ('not slow not frantic'), technical qualities ('beautiful cinematography'), and negative constraints ('no gore', 'plot holes') that fall outside this vector's scope.""}}"
low budget indie filmed in new york directed by nolan?? (or similar vibe) mixed reviews overrated but still smart,"{""plot_events"": {""relevance"": ""not_relevant"", ""justification"": ""The query focuses entirely on production facts (budget, filming location, director), critical reception (mixed reviews, overrated), and vague vibe ('smart'), with no mention of what actually happens in the story.""}, ""viewer_experience"": {""relevance"": ""medium"", ""justification"": ""The query contains experiential elements ('smart', 'similar vibe') and evaluative tone ('overrated'), but the majority of search criteria are production-based (low budget, indie, filmed in New York, directed by Nolan, mixed reviews) rather than describing how the movie feels to watch.""}, ""plot_analysis"": {""relevance"": ""small"", ""justification"": ""The query is primarily about production facts (low budget, indie, NYC filming, director) and reception (mixed reviews, overrated but smart), with only a vague 'similar vibe' potentially touching on thematic territory; the 'smart' descriptor weakly suggests thematic depth but this is a minor element of the overall search intent.""}, ""reception"": {""relevance"": ""large"", ""justification"": ""The query explicitly searches by reception signals: 'mixed reviews', 'overrated', and 'smart' (evaluative quality), with comparative framing ('but still') showing the user is thinking about how the movie is discussed and evaluated by critics/audiences.""}, ""watch_context"": {""relevance"": ""not_relevant"", ""justification"": ""The query focuses on production facts (low budget, indie, filming location, director, reviews/ratings) and vibe similarity rather than why/when to watch, motivations, scenarios, or feature draws.""}, ""narrative_techniques"": {""relevance"": ""small"", ""justification"": ""The query primarily searches by production factors (budget, location, director, reception) and vague experiential quality ('smart'), with only a weak indirect nod to Nolan who is known for complex narrative structures; no explicit technique language is used.""}, ""production"": {""relevance"": ""large"", ""justification"": ""User explicitly specifies multiple production facts: 'low budget indie' (budget/scale), 'filmed in new york' (filming location), and 'directed by nolan' (director), making production metadata central to the search intent despite the additional vibe and reception elements.""}}"
hand drawn animation not cgi spanish audio coming of age dramedy uplifting and hopeful iconic songs great dialogue,"{""production"": {""relevance"": ""large"", ""justification"": ""The user explicitly specifies production facts: 'hand drawn animation' (medium), 'not cgi' (effects approach), and 'spanish audio' (language), which directly map to this vector's contents.""}, ""reception"": {""relevance"": ""medium"", ""justification"": ""The query contains evaluative language ('uplifting and hopeful', 'iconic songs', 'great dialogue') that reflects how movies are discussed and reviewed, though these are mixed with technical/production criteria (hand drawn animation, Spanish audio) that aren't reception-based.""}, ""viewer_experience"": {""relevance"": ""large"", ""justification"": ""The query explicitly uses multiple experiential descriptors ('uplifting and hopeful', 'iconic songs', 'great dialogue') that directly describe how the movie feels to watch, alongside production details.""}, ""plot_analysis"": {""relevance"": ""medium"", ""justification"": ""The query includes \""coming of age dramedy\"" which directly maps to genre and thematic content in plot_analysis, but also contains substantial production/technical criteria (hand drawn, Spanish audio) and experiential qualities (uplifting, iconic songs) that fall outside this vector's scope.""}, ""plot_events"": {""relevance"": ""not_relevant"", ""justification"": ""This query searches by production technique (hand-drawn animation), audio language, genre label (coming-of-age dramedy), emotional vibe (uplifting/hopeful), and quality attributes (iconic songs, great dialogue) \u2014 none of which describe what literally happens in the story.""}, ""narrative_techniques"": {""relevance"": ""not_relevant"", ""justification"": ""The query specifies production method (hand drawn animation, not CGI), language (Spanish audio), genre (coming of age dramedy), emotional experience (uplifting, hopeful), and quality markers (iconic songs, great dialogue) \u2014 none of which relate to narrative techniques like POV, time structure, or storytelling craft.""}, ""watch_context"": {""relevance"": ""large"", ""justification"": ""The query explicitly includes multiple watch-context signals: motivation ('uplifting and hopeful'), features as reasons-to-choose ('iconic songs', 'great dialogue'), and audience/scenario fit ('coming of age' implies thematic appropriateness). These directly align with the vector's focus on why/when to watch and feature draws.""}}"
love-to-hate villain redemption arc but also unreliable narrator fourth wall breaks,"{""production"": {""relevance"": ""not_relevant"", ""justification"": ""This query describes narrative techniques and character archetypes (villain redemption arc, unreliable narrator, fourth wall breaks) which relate to plot structure and storytelling devices, not to how/when/where/by whom the movie was produced.""}, ""plot_events"": {""relevance"": ""small"", ""justification"": ""The 'love-to-hate villain redemption arc' describes a character situation that could match plot events, but 'unreliable narrator' and 'fourth wall breaks' are narrative techniques, making this primarily a technique-focused search with minor plot relevance.""}, ""reception"": {""relevance"": ""small"", ""justification"": ""The query describes plot/narrative techniques (villain redemption arc, unreliable narrator, fourth wall breaks) without evaluative framing, though these are elements critics often discuss in reviews.""}, ""viewer_experience"": {""relevance"": ""small"", ""justification"": ""The query contains 'love-to-hate' which is a mild experiential descriptor (how the villain feels to watch), but primarily describes plot mechanics (redemption arc, unreliable narrator, fourth wall breaks) without experiential language about tone, emotion, or viewing feel.""}, ""watch_context"": {""relevance"": ""not_relevant"", ""justification"": ""This query searches by plot elements (villain redemption arc), narrative technique (unreliable narrator), and stylistic device (fourth wall breaks) \u2014 none of which relate to why/when someone would choose to watch a movie or what viewing features would draw them in.""}, ""plot_analysis"": {""relevance"": ""large"", ""justification"": ""The query explicitly searches for specific narrative and thematic elements: a redemption arc (character arc outcome/meaning), love-to-hate villain (character type and thematic positioning), and storytelling devices (unreliable narrator, fourth wall breaks) that are fundamentally about what type of story and experience the movie delivers.""}, ""narrative_techniques"": {""relevance"": ""large"", ""justification"": ""User explicitly searches by multiple narrative techniques: audience-character relationship (love-to-hate villain), character arc structure (redemption arc), POV style (unreliable narrator), and meta elements (fourth wall breaks).""}}"
"doc about free solo climbers, inspiring but not preachy","{""watch_context"": {""relevance"": ""medium"", ""justification"": ""User specifies motivation ('inspiring') and tone preference ('not preachy'), which align with watch context, though the core search is documentary subject matter.""}, ""viewer_experience"": {""relevance"": ""large"", ""justification"": ""User explicitly searches by experiential qualities: 'inspiring' (emotional palette) and 'not preachy' (tone negation), directly matching the viewer experience vector's contents.""}, ""narrative_techniques"": {""relevance"": ""not_relevant"", ""justification"": ""The query searches by subject matter (free solo climbing), emotional experience (inspiring), and tone (not preachy), with no reference to narrative structure, POV, time technique, or storytelling craft.""}, ""reception"": {""relevance"": ""medium"", ""justification"": ""The query uses evaluative language ('inspiring but not preachy') that describes how the documentary is received and discussed in reviews, directly relating to reception qualities, though the core search is for a subject matter (free solo climbers).""}, ""production"": {""relevance"": ""small"", ""justification"": ""The query specifies 'doc' (documentary format, which is a production medium), but the primary search intentions are subject matter ('free solo climbers') and tone ('inspiring but not preachy'), which relate to plot_events and viewer_experience vectors rather than production metadata.""}, ""plot_events"": {""relevance"": ""not_relevant"", ""justification"": ""The query searches for a documentary about free solo climbing with specific tonal qualities ('inspiring but not preachy'), which relates to genre (documentary), subject matter (free solo climbing as a topic), and viewer experience (tone/vibe), none of which are plot events, settings, or narrative situations contained in this vector.""}, ""plot_analysis"": {""relevance"": ""medium"", ""justification"": ""User specifies genre ('doc') and wants a certain type of story ('inspiring'), which aligns with thematic content, but 'free solo climbers' is a specific subject/topic rather than abstract story type, and 'not preachy' is a tonal preference about delivery rather than thematic meaning.""}}"
"romcom about two rival bakers, light and flirty, 00s vibe","{""narrative_techniques"": {""relevance"": ""not_relevant"", ""justification"": ""User searches by genre (romcom), plot premise (rival bakers), experiential tone (light, flirty), and production era (00s vibe) \u2014 no narrative technique elements present.""}, ""production"": {""relevance"": ""small"", ""justification"": ""The '00s vibe' phrasing refers to aesthetic/viewer experience rather than production decade, though it ambiguously could touch on production era; the core search is for plot (rival bakers) and tone (light, flirty).""}, ""plot_analysis"": {""relevance"": ""large"", ""justification"": ""User explicitly searches by genre (romcom), theme (rivalry, romance), and story type (light and flirty), all of which directly map to plot analysis content including genre labels, themes, and generalized story shapes.""}, ""plot_events"": {""relevance"": ""medium"", ""justification"": ""The query includes concrete plot elements (rival bakers, romantic comedy structure with rivals-to-lovers arc) that match plot events content, though 'light and flirty' and '00s vibe' pull toward viewer experience and production era.""}, ""reception"": {""relevance"": ""small"", ""justification"": ""The evaluative descriptors 'light and flirty' and '00s vibe' are qualities that could appear in reviews, but the primary search intent is plot-based (rival bakers) and experiential (tone/era feel), with reception being a minor implicit element.""}, ""viewer_experience"": {""relevance"": ""large"", ""justification"": ""The query uses multiple experiential descriptors: 'light and flirty' (emotional tone), '00s vibe' (aesthetic experience), and 'romcom' implies a feel-good viewing experience, with the plot premise serving only as a framing device for the desired mood.""}, ""watch_context"": {""relevance"": ""large"", ""justification"": ""User explicitly specifies motivation (\""light and flirty\""), scenario implication (romcom viewing context), and feature draw (\""00s vibe\"" as aesthetic/atmospheric reason to choose), all directly matching the WATCH CONTEXT vector's focus on why/when to watch and feature-based selection.""}}"
"YA fantasy with a chosen one prophecy, not too dark, PG-13","{""reception"": {""relevance"": ""small"", ""justification"": ""The 'not too dark' and 'PG-13' constraints imply evaluative framing about tone and appropriateness that reviewers commonly discuss, though the core search is for genre/plot elements.""}, ""plot_analysis"": {""relevance"": ""large"", ""justification"": ""The user explicitly searches by genre (YA fantasy), story type (chosen one prophecy), and thematic tone (not too dark, PG-13), all of which directly map to plot analysis contents including genre labels, generalized story shapes, and thematic descriptors.""}, ""production"": {""relevance"": ""not_relevant"", ""justification"": ""The query focuses on genre (YA fantasy), plot elements (chosen one prophecy), tone (not too dark), and content rating (PG-13) \u2014 none of which relate to production metadata like release year, country, language, cast/crew, filming location, or production method.""}, ""watch_context"": {""relevance"": ""small"", ""justification"": ""The 'not too dark' and 'PG-13' constraints touch on audience-appropriateness and viewing comfort, but the core search is for plot elements (YA fantasy, chosen one prophecy) and content rating rather than motivations, scenarios, or feature draws.""}, ""plot_events"": {""relevance"": ""small"", ""justification"": ""The query includes 'chosen one prophecy' which is a specific plot element, but the dominant search criteria are genre label (YA fantasy), tone/vibe ('not too dark'), and rating (PG-13), making plot a minor component.""}, ""viewer_experience"": {""relevance"": ""medium"", ""justification"": ""The query includes the experiential negation 'not too dark' which directly describes desired emotional tone/disturbance level, though the rest of the query focuses on genre, plot mechanics, and rating.""}, ""narrative_techniques"": {""relevance"": ""not_relevant"", ""justification"": ""The query specifies genre (YA fantasy), plot element (chosen one prophecy), tone (not too dark), and rating (PG-13) \u2014 none of which relate to narrative structure, POV, time structure, or storytelling techniques.""}}"
cozy sick day comfort watch background at a party not too loud not overstimulating ear bursting sound avoid that,"{""plot_analysis"": {""relevance"": ""not_relevant"", ""justification"": ""The user is searching entirely by viewing context (comfort watch, background at party, low stimulation) and sensory experience preferences, with no mention of genre, theme, story type, or what the movie is about thematically.""}, ""plot_events"": {""relevance"": ""not_relevant"", ""justification"": ""The query focuses entirely on viewing experience/vibe ('cozy', 'comfort watch', 'not too loud', 'not overstimulating') and social context ('background at a party'), with no mention of plot events, settings, or character situations.""}, ""narrative_techniques"": {""relevance"": ""not_relevant"", ""justification"": ""The user is searching by experiential qualities (cozy, comfort, not overstimulating) and practical viewing context (sick day, background at party, sound level), with no mention of narrative structure, POV, time techniques, or storytelling craft.""}, ""watch_context"": {""relevance"": ""large"", ""justification"": ""The user explicitly specifies multiple scenarios (sick day comfort watch, background at a party) and motivations (cozy, not overstimulating, avoid ear-bursting sound) that directly map to why/when someone would choose a movie.""}, ""production"": {""relevance"": ""not_relevant"", ""justification"": ""The query describes desired viewer experience qualities (cozy, comfort, not loud, not overstimulating) and viewing context (sick day, background at party), with no mention of production facts like decade, origin, language, director, format, or how the movie was made.""}, ""viewer_experience"": {""relevance"": ""large"", ""justification"": ""User explicitly searches by multiple experiential descriptors: 'cozy', 'comfort watch', 'background', 'not too loud', 'not overstimulating', 'ear bursting sound avoid' \u2014 all describing how the movie feels to watch and its sensory intensity, with direct negations of unwanted experiences.""}, ""reception"": {""relevance"": ""small"", ""justification"": ""The query contains evaluative language about sound design ('not too loud', 'not overstimulating', 'ear bursting sound avoid that') that could appear in reviews discussing reception, but the primary intent is experiential comfort and watch context rather than critical evaluation or how the movie was received.""}}"
science fiction war epic intergalactic warfare morally gray lead ticking clock deadline red herrings,"{""narrative_techniques"": {""relevance"": ""large"", ""justification"": ""The query explicitly requests multiple narrative techniques: ticking clock (pacing device), deadline (escalating stakes), and red herrings (information control), alongside genre and character type descriptors.""}, ""viewer_experience"": {""relevance"": ""not_relevant"", ""justification"": ""The query describes plot mechanics (war epic, intergalactic warfare, ticking clock, red herrings), genre (science fiction), and character type (morally gray lead) without any experiential language about how the movie feels to watch.""}, ""plot_events"": {""relevance"": ""medium"", ""justification"": ""The query contains specific plot elements (intergalactic warfare, morally gray lead, ticking clock deadline, red herrings) alongside genre labels, with roughly half the terms describing concrete story situations and mechanics.""}, ""plot_analysis"": {""relevance"": ""large"", ""justification"": ""User explicitly searches by genre ('science fiction war epic'), themes ('morally gray lead'), story mechanics ('ticking clock deadline', 'red herrings'), and conceptual territory ('intergalactic warfare') \u2014 all core plot analysis content.""}, ""watch_context"": {""relevance"": ""not_relevant"", ""justification"": ""The query describes plot elements (intergalactic warfare, morally gray lead, ticking clock, red herrings), genre (science fiction, war epic), and narrative techniques without any mention of why/when to watch, viewing scenarios, motivations, or feature draws like cinematography or soundtrack.""}, ""production"": {""relevance"": ""not_relevant"", ""justification"": ""The query describes plot elements (intergalactic warfare, morally gray lead, ticking clock, red herrings) and genre conventions, with no mention of production facts like release era, director, country of origin, filming location, budget scale, or medium/effects approach.""}, ""reception"": {""relevance"": ""small"", ""justification"": ""While 'morally gray lead' and 'red herrings' suggest some evaluative framing about narrative quality, the query is primarily focused on plot elements and genre conventions rather than how the movie was received or discussed by critics/audiences.""}}"
"a goofy movie but i mean goofy like silly not the title, 90s vibe, witty dialogue, not slow","{""plot_events"": {""relevance"": ""not_relevant"", ""justification"": ""The query searches by tone (silly/goofy), vibe (90s), dialogue style (witty), and pacing (not slow)\u2014all viewer experience and production elements with no reference to plot events, settings, or character situations.""}, ""production"": {""relevance"": ""small"", ""justification"": ""The '90s vibe' is ambiguous\u2014it could refer to production decade or aesthetic feel, and the rest of the query (silly tone, witty dialogue, pacing) relates to viewer experience and plot, not production facts.""}, ""narrative_techniques"": {""relevance"": ""not_relevant"", ""justification"": ""The query searches by tone ('goofy/silly'), era ('90s'), dialogue style ('witty'), and pacing ('not slow') \u2014 none of which relate to narrative structure, POV, time structure, or storytelling craft.""}, ""watch_context"": {""relevance"": ""large"", ""justification"": ""The user explicitly requests features as reasons-to-choose: 'witty dialogue' and 'not slow' (pacing as viewing experience), plus '90s vibe' which relates to nostalgic/atmospheric watch context, all indicating they're searching based on how they want to experience the movie.""}, ""viewer_experience"": {""relevance"": ""large"", ""justification"": ""The user explicitly searches by experiential qualities: 'goofy like silly' (tone), '90s vibe' (aesthetic experience), 'witty dialogue' (cognitive/tonal feel), and 'not slow' (pacing) \u2014 all direct viewer experience descriptors with no plot or production facts.""}, ""reception"": {""relevance"": ""medium"", ""justification"": ""The query contains evaluative language about qualities people discuss in reviews: 'witty dialogue' (praised quality), 'not slow' (criticism of pacing), and 'silly'/'goofy' as tonal evaluation. The 90s vibe is experiential but 'witty' and 'not slow' are clearly reception-framed assessments.""}, ""plot_analysis"": {""relevance"": ""medium"", ""justification"": ""The user is searching by tone (silly/goofy), era vibe (90s), and style (witty dialogue, pacing), where 'silly/goofy' and 'witty dialogue' relate to genre-adjacent comedy types that overlap with plot_analysis content, though '90s vibe' and 'not slow' are production/logistics factors outside this vector's scope.""}}"
something on Netflix under 90 minutes,"{""viewer_experience"": {""relevance"": ""not_relevant"", ""justification"": ""The query only specifies streaming platform (Netflix) and runtime constraint (under 90 minutes), with no experiential language about how the movie feels to watch.""}, ""plot_analysis"": {""relevance"": ""not_relevant"", ""justification"": ""The query is purely about streaming platform availability and runtime logistics, with no mention of genre, theme, story type, or thematic content.""}, ""plot_events"": {""relevance"": ""not_relevant"", ""justification"": ""The query specifies streaming platform availability and runtime duration, both of which are production/distribution facts with no mention of plot events, settings, or character situations.""}, ""reception"": {""relevance"": ""not_relevant"", ""justification"": ""The query specifies a streaming platform and runtime duration with no evaluative language, acclaim mentions, or reception-based criteria.""}, ""narrative_techniques"": {""relevance"": ""not_relevant"", ""justification"": ""The query specifies streaming platform availability and runtime duration, with no mention of narrative techniques, structural choices, or storytelling craft.""}, ""watch_context"": {""relevance"": ""not_relevant"", ""justification"": ""The user is searching purely by platform availability and runtime duration, with no mention of motivations, scenarios, features, or audience fit that this vector contains.""}, ""production"": {""relevance"": ""large"", ""justification"": ""User explicitly specifies Netflix (studio/platform) and runtime under 90 minutes, both of which are pre-release production/distribution metadata.""}}"
"set in Boston during a blizzard, but filmed in Toronto","{""plot_analysis"": {""relevance"": ""not_relevant"", ""justification"": ""The query specifies production facts (setting, filming location) with no mention of genre, theme, story type, or what the movie is about.""}, ""viewer_experience"": {""relevance"": ""not_relevant"", ""justification"": ""The query describes only production facts (setting location, filming location, weather as plot element) with zero experiential language about how the movie feels to watch.""}, ""production"": {""relevance"": ""large"", ""justification"": ""The query explicitly specifies a filming location (Toronto), which is direct production metadata, making this highly relevant to the production vector despite the story setting being Boston.""}, ""reception"": {""relevance"": ""not_relevant"", ""justification"": ""The query focuses purely on production facts (setting location, filming location, weather condition) without any evaluative framing, critical reception, or discussion of how the movie was received.""}, ""watch_context"": {""relevance"": ""not_relevant"", ""justification"": ""The query searches by plot setting (Boston, blizzard) and production fact (filmed in Toronto), neither of which relates to watch motivations, scenarios, feature draws, or audience fit.""}, ""narrative_techniques"": {""relevance"": ""not_relevant"", ""justification"": ""The query specifies setting (Boston), weather event (blizzard), and production location (Toronto) \u2014 none of which relate to narrative techniques, story structure, or how the story is told.""}, ""plot_events"": {""relevance"": ""small"", ""justification"": ""The query explicitly specifies a story setting ('set in Boston during a blizzard') which is directly relevant to plot events, but also includes production information ('filmed in Toronto') which is not; the plot component is present but partially diluted by production details.""}}"
"Oscar-winning cinematography, but the story is messy","{""plot_analysis"": {""relevance"": ""not_relevant"", ""justification"": ""The query focuses on production quality (cinematography awards) and a negative assessment of narrative coherence, with no mention of genre, theme, story type, or what the movie means thematically.""}, ""watch_context"": {""relevance"": ""large"", ""justification"": ""User explicitly cites 'Oscar-winning cinematography' as a feature draw \u2014 a direct reason-to-choose based on visual quality, which is core to this vector's contents about why/when to watch.""}, ""plot_events"": {""relevance"": ""small"", ""justification"": ""The query primarily focuses on production quality (cinematography) and a vague negative assessment of story coherence, with no specific plot events, settings, or character situations mentioned.""}, ""viewer_experience"": {""relevance"": ""small"", ""justification"": ""The query contains one experiential element ('messy' describing story feel) but primarily focuses on production quality (Oscar-winning cinematography) and plot assessment rather than searching by viewer experience.""}, ""narrative_techniques"": {""relevance"": ""not_relevant"", ""justification"": ""The query evaluates production quality (cinematography) and experiential reaction to plot coherence ('messy'), with no mention of narrative techniques, structural choices, or storytelling craft.""}, ""reception"": {""relevance"": ""large"", ""justification"": ""The query explicitly references an award ('Oscar-winning') and uses evaluative language about both praised ('cinematography') and criticized ('messy') qualities, directly matching reception vector contents about how movies are discussed and reviewed.""}, ""production"": {""relevance"": ""not_relevant"", ""justification"": ""The query references 'Oscar-winning' which is reception/awards metadata, not production facts, and 'messy story' relates to plot quality\u2014neither targets how/when/where/by whom the film was made.""}}"
"found footage horror, no jump scares, creepy dread","{""narrative_techniques"": {""relevance"": ""large"", ""justification"": ""User explicitly requests 'found footage' \u2014 a cinematographic narrative technique \u2014 as their primary search criterion.""}, ""plot_analysis"": {""relevance"": ""large"", ""justification"": ""The user explicitly specifies genre ('found footage horror') and a desired atmospheric quality ('creepy dread' vs 'jump scares'), which directly maps to genre labels and thematic/experiential tone that plot analysis vectors capture.""}, ""viewer_experience"": {""relevance"": ""large"", ""justification"": ""The query explicitly uses experiential negation ('no jump scares') and experiential descriptors ('creepy dread') to define how the movie should feel to watch, making viewer experience the primary search criterion.""}, ""plot_events"": {""relevance"": ""not_relevant"", ""justification"": ""The query specifies genre label (found footage horror), technique preference (no jump scares), and emotional experience (creepy dread) \u2014 none of which describe literal plot events, settings, or character situations.""}, ""reception"": {""relevance"": ""small"", ""justification"": ""The query includes 'no jump scares' and 'creepy dread' which are qualities reviewers discuss when evaluating horror films, though the primary search intent is for subgenre (found footage) and technique rather than reception.""}, ""production"": {""relevance"": ""medium"", ""justification"": ""The user explicitly specifies 'found footage,' which is a production format/medium choice (how the movie was made), though 'no jump scares' and 'creepy dread' relate to technique and viewer experience rather than production facts.""}, ""watch_context"": {""relevance"": ""medium"", ""justification"": ""The query specifies 'no jump scares' and 'creepy dread' which relate to viewing experience and motivation (wanting sustained atmosphere over cheap thrills), though 'found footage horror' is primarily a technique/genre classification.""}}"
"critics hated it but I love it anyway, fun guilty pleasure","{""narrative_techniques"": {""relevance"": ""not_relevant"", ""justification"": ""The query searches by reception ('critics hated it') and experiential quality ('fun', 'guilty pleasure'), with no reference to narrative structure, POV, time structure, or any storytelling craft elements.""}, ""viewer_experience"": {""relevance"": ""large"", ""justification"": ""User explicitly searches by experiential descriptors: 'fun' (emotional tone), 'guilty pleasure' (self-aware viewing experience), and the critics/audience tension signals they're prioritizing subjective feeling over objective quality \u2014 all core to viewer experience.""}, ""plot_events"": {""relevance"": ""not_relevant"", ""justification"": ""The query focuses entirely on critical reception and personal emotional response ('guilty pleasure', 'fun'), with zero reference to plot events, settings, or character situations.""}, ""plot_analysis"": {""relevance"": ""not_relevant"", ""justification"": ""The query focuses entirely on reception/critical consensus and personal viewing experience ('guilty pleasure'), with no reference to genre, theme, story type, or what the movie is about.""}, ""production"": {""relevance"": ""not_relevant"", ""justification"": ""The query focuses entirely on reception ('critics hated it') and viewer experience ('fun guilty pleasure'), with no mention of production facts like director, decade, format, or how the movie was made.""}, ""reception"": {""relevance"": ""large"", ""justification"": ""The query explicitly contrasts critical reception ('critics hated it') with personal enjoyment, using evaluative framing ('guilty pleasure') that directly describes how the movie was received and discussed by others.""}, ""watch_context"": {""relevance"": ""large"", ""justification"": ""The user explicitly describes a motivation for watching (seeking a 'guilty pleasure' that provides fun despite critical dismissal) and a viewing scenario/attitude (embracing something unironically enjoyable regardless of reputation), which directly maps to the vector's focus on why and when someone chooses to watch.""}}"
"real-time thriller in one apartment, ticking clock deadline, no flashbacks","{""narrative_techniques"": {""relevance"": ""large"", ""justification"": ""User explicitly requests three distinct narrative techniques: real-time structure, ticking clock device, and absence of flashbacks (time structure constraint).""}, ""plot_events"": {""relevance"": ""large"", ""justification"": ""User explicitly describes concrete plot mechanics: real-time structure, single location setting, ticking clock deadline device, and absence of flashbacks \u2014 all specific narrative events and story constraints.""}, ""reception"": {""relevance"": ""not_relevant"", ""justification"": ""The query describes plot structure and narrative technique (real-time, single location, ticking clock, no flashbacks) without any evaluative language about how the movie was received, reviewed, or discussed by critics or audiences.""}, ""watch_context"": {""relevance"": ""not_relevant"", ""justification"": ""The query describes plot structure and narrative technique (real-time, single location, no flashbacks) without any mention of why/when to watch, motivations, scenarios, or feature draws that would drive movie selection.""}, ""viewer_experience"": {""relevance"": ""small"", ""justification"": ""While 'real-time' and 'ticking clock' imply experiential pacing (relentless/urgent), the query primarily describes plot mechanics and technique constraints without emotional or experiential language; 'no flashbacks' is a structural negation, not an experiential one.""}, ""production"": {""relevance"": ""small"", ""justification"": ""The query primarily describes narrative structure (real-time, single location, no flashbacks) which relates to plot_events and storytelling technique rather than production facts like filming location, budget, or crew; 'no flashbacks' touches on editing approach which is marginally production-related but minor overall.""}, ""plot_analysis"": {""relevance"": ""medium"", ""justification"": ""The query specifies 'real-time thriller' (genre) and 'ticking clock deadline' (thematic tension device), which are plot analysis elements, but heavily constrains by structural/production mechanics (single location, no flashbacks) that fall outside this vector's scope.""}}"
"multiple POVs, unreliable narrator, twist ending explained at the end","{""viewer_experience"": {""relevance"": ""not_relevant"", ""justification"": ""The query describes narrative techniques and plot structure (multiple POVs, unreliable narrator, twist ending) without any experiential language about how the movie feels to watch.""}, ""plot_events"": {""relevance"": ""not_relevant"", ""justification"": ""The query searches for narrative techniques (multiple POVs, unreliable narrator, twist ending structure) rather than what literally happens in the story\u2014no plot events, settings, or character situations are specified.""}, ""production"": {""relevance"": ""not_relevant"", ""justification"": ""The query describes narrative structure and storytelling techniques (multiple perspectives, unreliable narrator, twist ending), which are plot/storytelling elements rather than production facts about how, when, where, or by whom the movie was made.""}, ""reception"": {""relevance"": ""small"", ""justification"": ""The query describes narrative techniques (multiple POVs, unreliable narrator, twist ending) without evaluative language, though these features are often discussed in reviews when analyzing how well a film executes its storytelling.""}, ""narrative_techniques"": {""relevance"": ""large"", ""justification"": ""The user explicitly searches by three distinct narrative techniques: multiple POVs (point of view), unreliable narrator (information control/POV), and twist ending (information control).""}, ""plot_analysis"": {""relevance"": ""medium"", ""justification"": ""The query contains strong thematic/storytelling elements: unreliable narrator and twist ending are narrative devices that directly relate to story type and psychological thriller/mystery genres, though multiple POVs is more of a structural technique; the user is searching by narrative style and story construction which partially aligns with plot analysis content.""}, ""watch_context"": {""relevance"": ""not_relevant"", ""justification"": ""The query searches purely by narrative technique (multiple POVs, unreliable narrator) and plot structure (twist ending explained), with no mention of motivations, scenarios, features as reasons-to-watch, or audience fit.""}}"
"directed by Quinten Tarantino, snappy dialogue, violent but funny","{""production"": {""relevance"": ""large"", ""justification"": ""User explicitly names director Quentin Tarantino, which is a core production fact; 'snappy dialogue' and 'violent but funny' describe his signature style but the primary search anchor is the director credit.""}, ""viewer_experience"": {""relevance"": ""large"", ""justification"": ""The query explicitly uses experiential language: 'snappy dialogue' describes pacing/energy, 'violent but funny' describes a tonal blend of intensity with levity \u2014 both are direct searches for how the movie feels to watch.""}, ""plot_events"": {""relevance"": ""not_relevant"", ""justification"": ""The query searches by director (production), dialogue style (narrative_techniques), and tone/vibe (viewer_experience) \u2014 no specific plot events, settings, or character situations are mentioned.""}, ""narrative_techniques"": {""relevance"": ""not_relevant"", ""justification"": ""The query searches by director name, dialogue style, and tone/experience (violent but funny) \u2014 none of these are narrative structural techniques like POV, time structure, or information control.""}, ""watch_context"": {""relevance"": ""medium"", ""justification"": ""The query includes 'snappy dialogue' as a feature draw (reason-to-choose) and 'violent but funny' as motivation/tone preference, though 'directed by Tarantino' is pure production fact that doesn't align with this vector.""}, ""plot_analysis"": {""relevance"": ""medium"", ""justification"": ""The query references Tarantino's distinctive style which encompasses genre elements (violent comedy, crime) and thematic signatures, but 'directed by' and 'snappy dialogue' emphasize production/execution rather than story type or meaning.""}, ""reception"": {""relevance"": ""medium"", ""justification"": ""The query includes evaluative descriptors ('snappy dialogue', 'violent but funny') that reflect how Tarantino's films are praised and discussed in reviews, though the director name is a production fact that carries significant search weight.""}}"
"movies with Jack Sparrow energy but not Pirates, witty swashbuckling","{""plot_events"": {""relevance"": ""small"", ""justification"": ""The query primarily seeks a vibe/energy and character archetype (witty swashbuckler) rather than specific plot events, though 'swashbuckling' implies action-adventure plot elements that could loosely match.""}, ""viewer_experience"": {""relevance"": ""large"", ""justification"": ""The user explicitly searches for 'Jack Sparrow energy' \u2014 a vibe/archetype feel \u2014 and uses experiential descriptors 'witty' and 'swashbuckling' to describe the desired tone and energy of watching.""}, ""narrative_techniques"": {""relevance"": ""not_relevant"", ""justification"": ""User is searching by character archetype/personality ('Jack Sparrow energy') and genre elements ('swashbuckling'), not by narrative structure or storytelling technique.""}, ""reception"": {""relevance"": ""medium"", ""justification"": ""The query uses evaluative language ('witty') and references a character's reception ('Jack Sparrow energy' implies how the character is perceived/discussed), indicating the user is thinking about praised qualities and tone as discussed in reviews, though the core search is for character similarity.""}, ""production"": {""relevance"": ""not_relevant"", ""justification"": ""The query references 'Jack Sparrow energy' and 'witty swashbuckling' which describe aesthetic/vibe and genre tone, not production facts like cast, crew, filming location, or medium; the explicit exclusion of 'Pirates' refers to the franchise's story/characters rather than production metadata.""}, ""watch_context"": {""relevance"": ""medium"", ""justification"": ""The query seeks a specific tone/mood ('witty swashbuckling') and character energy, which relates to motivation (want fun, adventure, clever humor) and feature draws (witty dialogue, charismatic lead), though it's partially anchored to a specific character reference rather than explicit scenario or audience context.""}, ""plot_analysis"": {""relevance"": ""medium"", ""justification"": ""The user wants a specific character archetype (witty swashbuckler) and story type (swashbuckling adventure), which relates to genre and character-driven themes in plot_analysis, though the 'Jack Sparrow energy' framing is partially about performance style and tone rather than pure thematic content.""}}"
"ultra-gory body horror, disgusting, make me squirm","{""narrative_techniques"": {""relevance"": ""not_relevant"", ""justification"": ""The user is searching by experiential and sensory qualities (gore, disgust, physical reaction) rather than any narrative technique, structure, or storytelling method.""}, ""plot_events"": {""relevance"": ""not_relevant"", ""justification"": ""The user is searching by visceral viewer experience and emotional reaction ('make me squirm'), not by what literally happens in the plot\u2014no specific events, settings, or character situations are described.""}, ""production"": {""relevance"": ""not_relevant"", ""justification"": ""This query describes desired viewer experience (gore intensity, emotional/physical reaction) with no mention of production elements like director, effects approach, budget, country of origin, or filming techniques.""}, ""plot_analysis"": {""relevance"": ""not_relevant"", ""justification"": ""The user is searching by visceral experience and sensory reaction ('make me squirm'), not by thematic content, story type, or what the film means\u2014this is purely about viewing experience and graphic content, which falls outside plot analysis scope.""}, ""viewer_experience"": {""relevance"": ""large"", ""justification"": ""User explicitly searches by visceral sensory and emotional experience using experiential descriptors ('ultra-gory', 'disgusting', 'make me squirm') that directly map to disturbance level and sensory intensity in the viewer experience vector.""}, ""watch_context"": {""relevance"": ""large"", ""justification"": ""The user explicitly states a motivation ('make me squirm') and seeks specific visceral features ('ultra-gory,' 'disgusting') as reasons to choose a movie, directly aligning with this vector's focus on motivations and feature draws for viewing decisions.""}, ""reception"": {""relevance"": ""small"", ""justification"": ""While 'disgusting' and 'make me squirm' are evaluative reactions, they primarily describe the viewer's intended physical/emotional experience rather than how critics or audiences discuss or evaluate the film's reception; this is mainly about seeking a specific visceral experience.""}}"
"background while coding, dialogue not important, chill visuals, low volume","{""plot_events"": {""relevance"": ""not_relevant"", ""justification"": ""The user is searching entirely by viewing experience (chill vibes, background use, low dialogue, visual aesthetic) with no reference to plot events, settings, or story content.""}, ""plot_analysis"": {""relevance"": ""not_relevant"", ""justification"": ""The query is purely about viewing context (background entertainment) and technical viewing preferences (visuals, volume, dialogue level), with no reference to genre, theme, story type, or meaning.""}, ""watch_context"": {""relevance"": ""large"", ""justification"": ""User explicitly specifies a scenario (background while coding), motivation (chill, low cognitive load), and feature draws (chill visuals, dialogue not important, low volume) \u2014 all core to the WATCH CONTEXT vector.""}, ""production"": {""relevance"": ""not_relevant"", ""justification"": ""The query focuses entirely on viewer experience (chill visuals, background viewing, low volume needs) with no mention of production facts like decade, director, language, format, or filming details.""}, ""narrative_techniques"": {""relevance"": ""not_relevant"", ""justification"": ""The user is searching by experiential/functional criteria (ambient background viewing, visual style, audio level) with no mention of narrative structure, POV, time techniques, or storytelling craft.""}, ""viewer_experience"": {""relevance"": ""large"", ""justification"": ""User explicitly searches by experiential qualities: 'chill visuals' (aesthetic/tone), 'low volume' (sensory intensity), 'dialogue not important' (cognitive load/pacing), and 'background while coding' implies relaxed, non-distracting viewing experience.""}, ""reception"": {""relevance"": ""small"", ""justification"": ""The query contains 'chill visuals' which could appear in reviews as evaluative language about a film's aesthetic qualities, but the primary intent is about watch context (background viewing) and sensory experience rather than how movies were received or discussed.""}}"
"family movie night with kids, not babyish, jokes for adults too","{""plot_events"": {""relevance"": ""not_relevant"", ""justification"": ""The query describes target audience (family, kids, adults), tone requirements (not babyish), and desired experience (jokes for adults), with no mention of plot events, settings, or character situations.""}, ""watch_context"": {""relevance"": ""large"", ""justification"": ""The query explicitly specifies a scenario (family movie night with kids), audience constraints (not babyish), and feature draws (jokes for adults too), all directly matching the vector's contents.""}, ""production"": {""relevance"": ""not_relevant"", ""justification"": ""The query describes target audience (families with kids) and desired tone (not babyish, adult jokes), which relates to content themes and viewer experience, not how/when/where/by whom the movie was made.""}, ""narrative_techniques"": {""relevance"": ""not_relevant"", ""justification"": ""The user is searching by target audience (family, kids, adults) and desired experience (humor balance), with no mention of narrative structure, POV, time structure, or any storytelling technique.""}, ""plot_analysis"": {""relevance"": ""small"", ""justification"": ""The query focuses on viewing context (family movie night) and audience experience (jokes for adults, not babyish), which are logistical and experiential criteria rather than thematic or story-type intentions, though 'family-friendly' implies some thematic boundaries.""}, ""reception"": {""relevance"": ""small"", ""justification"": ""The phrase 'jokes for adults too' implies awareness of how parents/critics discuss and evaluate family films in reviews, though the primary intent is watch context (family viewing setup) and viewer experience (not babyish).""}, ""viewer_experience"": {""relevance"": ""large"", ""justification"": ""User explicitly searches by experiential qualities: 'not babyish' is a negation of tone/feel, and 'jokes for adults too' describes the viewing experience of layered humor, making this a clear search for how the movie feels to watch.""}}"
Her but not the one with Joaquin Phoenix,"{""watch_context"": {""relevance"": ""not_relevant"", ""justification"": ""The user is searching by title (\""Her\"") and explicitly excluding a specific version/production, which is purely about identifying/eliminating a particular movie rather than any watch context, motivation, scenario, or feature draw.""}, ""narrative_techniques"": {""relevance"": ""not_relevant"", ""justification"": ""The user is disambiguating which movie titled 'Her' they mean by excluding the Spike Jonze film; this is a production/identity query with no narrative technique content.""}, ""production"": {""relevance"": ""large"", ""justification"": ""The user explicitly names a specific actor (Joaquin Phoenix) to exclude, which is a direct production/cast-based search criterion \u2014 they are trying to find a movie based on who was NOT in it.""}, ""viewer_experience"": {""relevance"": ""small"", ""justification"": ""The user references 'Her' which has strong experiential associations (melancholic, intimate, bittersweet), but the query focuses on disambiguating which film they mean rather than describing how they want to feel; the experiential element is implicit at best.""}, ""reception"": {""relevance"": ""small"", ""justification"": ""The query uses comparative framing ('not the one with') which implies evaluative discussion about distinguishing between similarly-titled films, but the primary intent is identification/differentiation rather than searching by how movies were received.""}, ""plot_events"": {""relevance"": ""small"", ""justification"": ""The query uses a movie reference to find something similar, but the negation ('not the one with...') suggests they're trying to exclude a specific production/actor rather than find similar plot events; the reference to 'Her' could imply interest in AI-human relationship plots, but this is ambiguous and likely more about distinguishing between films with similar titles or finding an alternative version.""}, ""plot_analysis"": {""relevance"": ""small"", ""justification"": ""The user references 'Her' likely seeking thematic similarity (AI romance, loneliness, human-technology relationships), but the negation ('not the one with Joaquin Phoenix') suggests they may actually want a different film with similar plot/character elements rather than exploring the movie's deeper meaning; thematic overlap is possible but not clearly the primary search driver.""}}"
"Korean audio with English subtitles, critics called it a slow-burn masterpiece","{""reception"": {""relevance"": ""large"", ""justification"": ""The query explicitly references critical reception ('critics called it') and uses evaluative language ('slow-burn masterpiece'), directly targeting how the movie was received and discussed.""}, ""plot_analysis"": {""relevance"": ""not_relevant"", ""justification"": ""The query specifies language, subtitle preference, and critical reception/tone ('slow-burn masterpiece'), none of which relate to plot analysis, themes, genre, or story meaning.""}, ""viewer_experience"": {""relevance"": ""medium"", ""justification"": ""The query contains 'slow-burn' which is an explicit experiential pacing descriptor, though 'Korean audio with English subtitles' and 'critics called it' are production/attribution facts rather than experiential language.""}, ""narrative_techniques"": {""relevance"": ""small"", ""justification"": ""The query primarily targets production attributes (Korean audio, subtitles) and critical reception ('masterpiece'), with 'slow-burn' being a minor pacing-related technique element that could loosely connect to narrative pacing devices.""}, ""plot_events"": {""relevance"": ""not_relevant"", ""justification"": ""The query specifies language/audio format (production), critical reception (external opinion), and pacing descriptor 'slow-burn' (viewer experience/vibe) \u2014 none of these describe what literally happens in the movie's plot.""}, ""production"": {""relevance"": ""large"", ""justification"": ""The user explicitly specifies 'Korean audio with English subtitles,' which directly matches this vector's language/audio metadata; while 'slow-burn masterpiece' refers to reception/critical response, the production elements are clearly stated and central to the search intent.""}, ""watch_context"": {""relevance"": ""small"", ""justification"": ""The query primarily focuses on technical attributes (language, subtitles) and critical reception/production description ('slow-burn masterpiece'), with 'slow-burn' weakly touching on viewing experience as a feature draw but not strongly aligning with motivations, scenarios, or reasons-to-choose features in the vector.""}}"
"adapted from a video game, big studio blockbuster, mixed reviews, amazing fight choreography","{""plot_analysis"": {""relevance"": ""not_relevant"", ""justification"": ""The query focuses entirely on production origin (video game adaptation), studio size, critical reception, and technical execution (fight choreography) \u2014 none of which relate to plot analysis, themes, genre labels, or story meaning.""}, ""plot_events"": {""relevance"": ""not_relevant"", ""justification"": ""The query focuses on adaptation source (video game), production scale (big studio blockbuster), reception (mixed reviews), and technical execution (fight choreography) \u2014 none of which describe what literally happens in the story.""}, ""reception"": {""relevance"": ""large"", ""justification"": ""The query explicitly includes 'mixed reviews' (direct reception signal) and 'amazing fight choreography' (evaluative praise that would appear in reviews), making reception a primary search criterion alongside the production details.""}, ""production"": {""relevance"": ""large"", ""justification"": ""The query contains explicit production facts: 'adapted from a video game' (source material), 'big studio blockbuster' (budget scale/studio), and 'amazing fight choreography' likely refers to stunt/action design approach; only 'mixed reviews' is non-production (reception).""}, ""viewer_experience"": ""Error: Kimi failed to generate response: Error code: 429 - {'error': {'message': 'Your account org-fad041e451234a319b3721e62ef5ae0c<ak-f81f3ah3k3wi11gjx971> request reached organization max RPM: 200, please try again after 1 seconds', 'type': 'rate_limit_reached_error'}}"", ""watch_context"": ""Error: Kimi failed to generate response: Error code: 429 - {'error': {'message': 'Your account org-fad041e451234a319b3721e62ef5ae0c<ak-f81f3ah3k3wi11gjx971> request reached organization max RPM: 200, please try again after 1 seconds', 'type': 'rate_limit_reached_error'}}"", ""narrative_techniques"": ""Error: Kimi failed to generate response: Error code: 429 - {'error': {'message': 'Organization Rate limit exceeded, please try again after 1 seconds', 'type': 'rate_limit_reached_error'}}""}"
"set in ancient Rome, political betrayal, ends on a bleak note","{""plot_analysis"": ""Error: Kimi failed to generate response: Error code: 429 - {'error': {'message': 'Organization Rate limit exceeded, please try again after 1 seconds', 'type': 'rate_limit_reached_error'}}"", ""plot_events"": ""Error: Kimi failed to generate response: Error code: 429 - {'error': {'message': 'Organization Rate limit exceeded, please try again after 1 seconds', 'type': 'rate_limit_reached_error'}}"", ""narrative_techniques"": ""Error: Kimi failed to generate response: Error code: 429 - {'error': {'message': 'Organization Rate limit exceeded, please try again after 1 seconds', 'type': 'rate_limit_reached_error'}}"", ""viewer_experience"": ""Error: Kimi failed to generate response: Error code: 429 - {'error': {'message': 'Organization Rate limit exceeded, please try again after 1 seconds', 'type': 'rate_limit_reached_error'}}"", ""production"": ""Error: Kimi failed to generate response: Error code: 429 - {'error': {'message': 'Organization Rate limit exceeded, please try again after 1 seconds', 'type': 'rate_limit_reached_error'}}"", ""reception"": ""Error: Kimi failed to generate response: Error code: 429 - {'error': {'message': 'Organization Rate limit exceeded, please try again after 1 seconds', 'type': 'rate_limit_reached_error'}}"", ""watch_context"": ""Error: Kimi failed to generate response: Error code: 429 - {'error': {'message': 'Organization Rate limit exceeded, please try again after 1 seconds', 'type': 'rate_limit_reached_error'}}""}"
"A24 vibe, but I want it less depressing, more hopeful","{""narrative_techniques"": ""Error: Kimi failed to generate response: Error code: 429 - {'error': {'message': 'Organization Rate limit exceeded, please try again after 1 seconds', 'type': 'rate_limit_reached_error'}}"", ""plot_events"": ""Error: Kimi failed to generate response: Error code: 429 - {'error': {'message': 'Organization Rate limit exceeded, please try again after 1 seconds', 'type': 'rate_limit_reached_error'}}"", ""watch_context"": ""Error: Kimi failed to generate response: Error code: 429 - {'error': {'message': 'Organization Rate limit exceeded, please try again after 1 seconds', 'type': 'rate_limit_reached_error'}}"", ""production"": ""Error: Kimi failed to generate response: Error code: 429 - {'error': {'message': 'Organization Rate limit exceeded, please try again after 1 seconds', 'type': 'rate_limit_reached_error'}}"", ""reception"": ""Error: Kimi failed to generate response: Error code: 429 - {'error': {'message': 'Organization Rate limit exceeded, please try again after 1 seconds', 'type': 'rate_limit_reached_error'}}"", ""plot_analysis"": ""Error: Kimi failed to generate response: Error code: 429 - {'error': {'message': 'Organization Rate limit exceeded, please try again after 1 seconds', 'type': 'rate_limit_reached_error'}}"", ""viewer_experience"": ""Error: Kimi failed to generate response: Error code: 429 - {'error': {'message': 'Organization Rate limit exceeded, please try again after 1 seconds', 'type': 'rate_limit_reached_error'}}""}"
